Type,Name,Request Count,Failure Count,Median Response Time,Average Response Time,Min Response Time,Max Response Time,Average Content Size,Requests/s,Failures/s,50%,66%,75%,80%,90%,95%,98%,99%,99.9%,99.99%,100%
POST,/data/,4047,4047,39000.0,38959.66324299481,30484.48180000014,47073.59229999929,0.0,65.12880890727423,65.12880890727423,39000,42000,44000,44000,45000,46000,47000,47000,47000,47000,47000
GET,/statistic/,4916,4916,40000.0,39359.116824735516,29490.64460000045,61823.00870000108,0.0,79.11371993777122,79.11371993777122,40000,42000,44000,44000,47000,48000,54000,56000,62000,62000,62000
,Aggregated,8963,8963,40000.0,39178.75437407127,29490.64460000045,61823.00870000108,0.0,144.24252884504546,144.24252884504546,40000,42000,44000,44000,46000,47000,48000,54000,62000,62000,62000
